"FUNDING AGENCY","BOROUGH","PROGRAM TYPE","Status","DEVELOPMENT","ADDRESS","SPONSOR","Postcode","Latitude","Longitude","Community Board","Council District","Census Tract","BIN","BBL","NTA"
"DYCD","Bronx","Community Center - Cornerstone","Occupied","Sotomayor Houses","1000 Rosedale Avenue","Phipps Community Development","10472","40.825259","-73.867705","209","18","44","2123862","2037250001","BX0901"
,"Bronx",,"Vacant","Forest","1005 Tinton Avenue","Vacant","10456","40.824078","-73.902585","203","17","133","2091962","2026390001","BX0301"
,"Bronx",,"Vacant","College Ave - East 165th Street","1020 College Avenue","Vacant","10456","40.82904","-73.915532","204","16","175","2002209","2024330001","BX0401"
"OTHER","Bronx","Community Center","Occupied","1010 East 178th Street","1030 East 178th Street","Phipps Community Development","10460","40.841154","-73.879864","206","15","361","2013245","2031300100","BX0601"
,"Bronx",,"Vacant","Boynton Avenue Rehab","1057 Boynton Avenue","Vacant","10472","40.825364","-73.877478","209","18","5001","2023475","2037140036","BX0901"
,"Bronx",,"Vacant","Claremont Rehab (Group 3)","1105 Teller Avenue - community room","Vacant",,,,,,,,,
"AGING","Bronx","Senior Center","Occupied","Highbridge Gardens","1145 University Avenue","Presbyterian Senior Services","10452","40.837077","-73.928282","204","16","193","2095219","2025270032","BX0402"
"DYCD","Bronx","Community Center - Cornerstone","Occupied","Highbridge Gardens","1155 University Avenue","Catholic Charities Community Services Archdiocese of NY","10452","40.837137","-73.928221","204","16","193","2095219","2025270032","BX0402"
,"Bronx",,"Vacant","1162 - 1176 Washington Avenue","1162 Washington Avenue","Vacant","10456","40.82986","-73.90769","203","16","145","2001312","2023720001","BX0302"
"Unknown","Bronx","Unknown","Occupied","Davidson","1221 Prospect Avenue","SOBRO (South Bronx Overall Economic Dev. Corp)","10459","40.827264","-73.898476","203","17","131","2005038","2026800019","BX0202"
"DOE","Bronx","Child Care","Occupied","Webster","1240 Webster Avenue","Claremont Neighborhood Center","10456","40.832675","-73.909388","203","16","145","2091187","2023950001","BX0302"
"AGING","Bronx","Senior Center","Occupied","Eastchester Gardens","1246 Burke Avenue","Regional Aid For Interim Needs, Inc.","10469","40.871144","-73.851046","211","12","348","2093501","2045810001","BX1103"
"AGING","Bronx","Senior Center","Occupied","Claremont Parkway-Franklin Avenue","1315 Franklin Avenue","IPRHE / Acacia Network","10456","40.832062","-73.901641","203","16","149","2009713","2029310086","BX0301"
"AGING","Bronx","Senior Center","Occupied","Butler","1320 Webster Avenue","William Hodson Senior Center, Inc.","10456","40.834189","-73.90854","203","16","14701","2092074","2028940001","BX0302"
"DOE","Bronx","Child Care","Vacant","Highbridge Gardens","1165 University Avenue","Highbridge Advisory Council Family Services, Inc.","10452","40.837198","-73.928159","204","16","193","2095219","2025270032","BX0402"
"DYCD","Bronx","Community Center - Cornerstone","Occupied","Butler","1368 Webster Avenue","Directions For Our Youth, Inc.","10456","40.835492","-73.907805","203","16","14701","2092072","2028940001","BX0302"
"DOE","Bronx","Child Care","Occupied","Butler","1450 Webster Avenue","Claremont Neighborhood Center","10456","40.837646","-73.906504","203","16","14702","2092076","2028950001","BX0302"
"DOE","Bronx","Child Care","Occupied","Butler","1458 Webster Avenue","MidBronx CCRP Early Childhood Center, Inc.","10456","40.837926","-73.906331","203","16","14702","2092076","2028950001","BX0302"
,"Bronx","Vocational/Trade School","RESERVED","Sedgwick","1531 University Avenue","Renaissance Technical Institute","10453","40.845828","-73.921995","205","14","20501","2092104","2028770001","BX0501"
"AGING","Bronx","Senior Center","Occupied","Sedgwick","1553 University Avenue","Bronxworks, Inc.","10453","40.846111","-73.921662","205","14","20501","2092105","2028770001","BX0501"
"DYCD","Bronx","Community Center - Cornerstone","Occupied","Sedgwick","1553 University Avenue","(ACDP) Community Association for Progressive Dominicans","10453","40.846111","-73.921662","205","14","20501","2092105","2028770001","BX0501"
"DOE","Bronx","Child Care","Occupied","Bronx River","1555 East 174th Street","Tremont Crotona Day Care Ctr., Inc.","10472","40.834294","-73.87885","209","17","62","2092903","2038860002","BX0901"
,"Bronx",,"Vacant","Bronx River","1585 East 174th Street","Vacant","10472","40.833784","-73.877351","209","17","62","2092907","2038860002","BX0901"
,"Bronx",,"Vacant","Millbrook","161 Saint Ann's Avenue","Vacant","10454","40.805284","-73.918564","201","8","25","2090985","2022630019","BX0101"
"AGING","Bronx","Senior Center","Occupied","Bronx River","1619 East 174th Street","IPRHE / Acacia Network","10472","40.83395","-73.876147","209","17","62","2092909","2038860002","BX0901"
"DYCD","Bronx","Community Center - Cornerstone","Occupied","Bronx River","1619 East 174th Street","Children's Arts and Science Workshop, Inc.","10472","40.83395","-73.876147","209","17","62","2092909","2038860002","BX0901"
,"Bronx","Plasterer's Shop","Occupied","Bronx River","1625 East 174th Street","NYCHA","10472","40.834024","-73.875601","209","17","62","2092902","2038860002","BX0901"
"AGING","Bronx","Senior Center","Occupied","Soundview","1674 Seward Avenue","Neighborhood SHOPP","10473","40.818255","-73.869832","209","18","2001","2092638","2035510001","BX0902"
"DYCD","Bronx","Community Center - Cornerstone","Occupied","Soundview","1680 Seward Avenue","Phipps Community Development","10473","40.818369","-73.86895","209","18","2001","2092647","2035510001","BX0902"
,"Bronx",,"Vacant","Bryant Ave - East 174th St","1705 Bryant Avenue","Vacant","10460","40.835634","-73.885627","203","17","161","2092192","2029970030","BX0303"
,"Bronx","IPRHE / Senior Center","Construction","Monroe","1776 Story Avenue","Vacant","10473","40.82324","-73.86596","209","18","42","2092748","2036370001","BX0902"
"AGING","Bronx","Senior Center","Occupied","Monroe","1780 Story Avenue","IPRHE / Acacia Network","10473","40.823265","-73.865779","209","18","42","2092748","2036370001","BX0902"
,"Bronx",,"Vacant","Sotomayor Houses","1818 Watson Avenue","Vacant","10472","40.82788","-73.864773","209","18","44","2102921","2037300001","BX0901"
,"Bronx","Heating & CCTV","Occupied","Mitchel","185 Willis Avenue","NYCHA","10454","40.807604","-73.923994","201","8","23","2093914","2022980040","BX0101"
,"Bronx","Neighborhood 4 Office","Occupied","Mitchel","188 / 182 Lincoln Avenue","NYCHA",,,,,,,,,
,"Bronx","TA USE","Occupied","University Avenue Rehab","1925 University Avenue - community room","NYCHA",,,,,,,,,
"DOE","Bronx","Child Care","Occupied","Sotomayor Houses","1065 Beach Avenue","Bronxdale Tenant's League Day Care Center, Inc.","10472","40.827038","-73.865255","209","18","44","2092801","2037250001","BX0901"
"Direct Head Start","Bronx","Child Care","Occupied","Mitchel","200 Alexander Avenue","East Side House Settlement","10454","40.808753","-73.926081","201","8","23","2091097","2022980040","BX0101"
"OTHER","Bronx","Senior Center","Occupied","Millbrook","201 St. Ann's Avenue","IPRHE / Acacia Network","10454","40.805742","-73.918238","201","8","25","2090986","2022630019","BX0101"
"Direct Head Start / HRA / DYCD","Bronx","Child Care / Jobs Plus / Cornerstone / COMPASS","Occupied","Millbrook","201 St. Ann's Avenue","East Side House Settlement","10454","40.805742","-73.918238","201","8","25","2090986","2022630019","BX0101"
"AGING","Bronx","Senior Center","Occupied","Twin Parks East (site 9)","2070 Clinton Avenue","Neighborhood SHOPP","10457","40.847236","-73.888101","206","15","371","2012652","2030940014","BX0602"
"DYCD","Bronx","Community Center - Cornerstone / COMPASS","Occupied","Mitchel","210 Alexander Avenue","East Side House Settlement","10454","40.809172","-73.925777","201","8","23","2091097","2022980040","BX0101"
"DYCD","Bronx","Community Center - Cornerstone","Occupied","East 180th Street-Monterey Avenue","2100 Monterey Avenue","Good Shepherd Services","10457","40.85029","-73.893098","206","15","37504","2011855","2030620021","BX0602"
"OTHER","Bronx","School","Occupied","East 180th Street-Monterey Avenue","2120 Quarry Road","School Construction Authority","10457","40.851045","-73.893292","206","15","37504","2011852","2030620006","BX0602"
"AGING","Bronx","Senior Center / Job Readiness / ESL","Occupied","Glebe Avenue-Westchester Avenue","2125 Glebe Avenue","YMCA of Greater New York","10462","40.8351","-73.850368","210","18","20601","2041406","2039630043","BX1001"
,"Bronx","Bronx Borough Office Relocation","Occupied","Castle Hill","2165 Randall Avenue","NYCHA","10473","40.818918","-73.848836","209","18","86","2092673","2035700001","BX0903"
"DOE","Bronx","Child Care","Occupied","Pelham Parkway","2222 Wallace Avenue","Bronx House, Inc.","10467","40.858343","-73.864649","211","13","328","2093364","2043490001","BX1104"
,"Bronx",,"Vacant","West Tremont Avenue-Sedgwick Avenue Area","228 West Tremont Avenue","Vacant","10453","40.85294","-73.918169","205","14","20502","2008963","2028770497","BX0501"
"OTHER","Bronx","Community Center - Developmental Disabilities","Occupied","Pelham Parkway","2280 Wallace Avenue","New York State Association for Retarted Children, Inc.","10467","40.85929","-73.864629","211","13","328","2093356","2043490001","BX1104"
"AGING","Bronx","NORC","Occupied","Pelham Parkway","2425 Williamsbridge Road","Bronx House, Inc.","10469","40.862002","-73.857686","211","13","324","2114842","2044440001","BX1104"
"DOE","Bronx","Child Care","Occupied","Soundview","1700 Seward Avenue","Ciditty Kiddie Corporation","10473","40.818497","-73.868058","209","18","2001","2092649","2035510001","BX0902"
,"Bronx",,"Vacant","Bailey Avenue-West 193rd Street","2660 Bailey Avenue","Vacant","10463","40.870747","-73.906859","207","14","269","2092440","2032390004","BX0701"
"AGING","Bronx","Senior Center","RESERVED","Randall Avenue-Balcom Avenue","2705 Schley Avenue","Jewish Association Services For the Aged","10465","40.821662","-73.827061","210","13","144","2080423","2055680050","BX1002"
,"Bronx","TA USE - lighting vendor","Occupied","Melrose","277 East  153rd Street","NYCHA","10451","40.820157","-73.921306","201","17","67","2093920","2024130001","BX0102"
"DYCD","Bronx","Community Center - Cornerstone","Occupied","Melrose","286 East 156th Street","Bronxworks, Inc.","10451","40.822022","-73.920289","201","17","67","2120133","2024130001","BX0102"
"DYCD","Bronx","Community Center - Cornerstone","Occupied","Parkside","2972 / 2968 Bronx Park East","Mosholu Montefiore Community Center Inc.",,,,,,,,,
,"Bronx",,"Vacant","Melrose","301 East 153rd Street","Vacant","10451","40.819936","-73.920436","201","17","67","2093921","2024130001","BX0102"
"DYCD","Bronx","Community Center - Cornerstone","Occupied","Eastchester Gardens","3016 Yates Avenue","Neighborhood Initiatives Development Corporation","10469","40.870125","-73.854588","211","12","348","2093503","2045810001","BX1103"
"AGING/DYCD","Bronx","Senior Center/Community Center","Occupied","Patterson","308 East 145th Street","East Side House Settlement","10451","40.815197","-73.922179","201","8","51","2091115","2023240001","BX0101"
,"Bronx",,"Vacant","Morissania Air Rights","3131 Park Avenue","Vacant","10451","40.824068","-73.917291","204","16","173","2100990","2024209078","BX0401"
"AGING","Bronx","Senior Center","Occupied","Morissania Air Rights","3135 Park Avenue 20th Floor","Presbyterian Senior Services","10451","40.82415","-73.917164","204","16","173","2100990","2024209078","BX0401"
,"Bronx",,"Vacant","Morissania Air Rights","3210 Park Avenue","Vacant","10451","40.82528","-73.916151","203","16","141","2098307","2024099059","BX0301"
"AGING","Bronx","Senior Center","Occupied","Jackson","325 East 156th Street","Presbyterian Senior Services","10451","40.821439","-73.917995","201","17","69","2091224","2024160001","BX0102"
"AGING/DYCD","Bronx","Senior Center/ Community Center - Cornerstone","Occupied","Fort Independence Street - Heath Avenue","3350 Bailey Avenue","Mosholu Montefiore Community Center Inc.","10463","40.880093","-73.900742","208","14","277","2086835","2032610102","BX0801"
"DYCD","Bronx","Community Center - Cornerstone /COMPASS","Occupied","Patterson","340 Morris Avenue","East Side House Settlement","10451","40.813717","-73.92523","201","8","51","2091127","2023250001","BX0101"
"DOE","Bronx","Child Care","Occupied","Gun Hill","3440 White Plains Road","Northeast Bronx Day Care Center (prev. Susan E Victory)","10467","40.876214","-73.866978","212","12","374","2093518","2046290050","BX1201"
,"Bronx",,"Vacant","Gun Hill","3445 Holland Avenue","Vacant","10467","40.876118","-73.864761","212","12","374","2093517","2046290050","BX1201"
,"Bronx",,"Vacant","Gun Hill","3450 White Plains Road","Vacant","10467","40.876628","-73.866905","212","12","374","2093518","2046290050","BX1201"
,"Bronx",,"Vacant","Melrose","348 East 156th Street","Vacant","10451","40.821376","-73.917814","201","17","67","2093919","2024130001","BX0102"
"AGING","Bronx","Senior Center","Occupied","East 152nd Street-Courtlandt Avenue","372 East 152nd Street","East Side House Settlement","10455","40.818516","-73.91793","201","17","67","2090413","2023980014","BX0102"
"Direct Head Start","Bronx","Child Care","Occupied","Mott Haven","375 East 143rd Street","East Side House Settlement","10454","40.812702","-73.921622","201","8","41","2091101","2023060009","BX0101"
,"Bronx",,"Vacant","Webster","401 East 168th Street","Vacant","10456","40.832241","-73.909464","203","16","145","2091187","2023950001","BX0302"
"Direct Head Start","Bronx","Child Care","Occupied","Patterson","414 Morris Avenue","East Side House Settlement","10451","40.815528","-73.923923","201","8","51","2097853","2023240001","BX0101"
"DOE","Bronx","Child Care","Occupied","Throggs Neck","461 Swinton Avenue","Tremont Crotona Day Care Ctr., Inc.","10465","40.820332","-73.822263","210","13","144","2093888","2055820001","BX1002"
"OTHER","Bronx","COMPASS","Occupied","Morris I","489 East 169th Street","Claremont Neighborhood Center","10456","40.832965","-73.905669","203","16","14701","2092082","2029100001","BX0302"
"AGING","Bronx","Senior Center","Occupied","Moore","515 Jackson Avenue","Bronxworks, Inc.","10455","40.812353","-73.909401","201","8","35","2091284","2025570083","BX0101"
"AGING/DYCD","Bronx","Senior Center/ Community Center - Cornerstone","Occupied","Marble Hill","5365 Broadway","Mosholu Montefiore Community Center Inc.","10463","40.876062","-73.907886","208","10","309","1082782","1022150623","BX0802"
"DOE","Bronx","Child Care","Occupied","Marble Hill","5470 Broadway","Marble Hill Nursery School","10463","40.876363","-73.907343","208","10","309","1082781","1022150116","BX0802"
"OTHER","Bronx","COMPASS","Occupied","Throggs Neck Addition","550 Balcom Avenue","Kips Bay Boys & Girls Club","10465","40.820911","-73.825943","210","13","144","2091470","2055640001","BX1002"
"DYCD","Bronx","Community Center - Cornerstone","Occupied","Saint Mary's Park","595 Trinity Avenue","Bronxworks, Inc.","10455","40.81487","-73.909517","201","8","73","2091317","2026230135","BX0102"
"AGING / OTHER","Bronx","Community Center/Senior Center","Occupied","Castle Hill","625 Castle Hill Avenue","Kips Bay Boys & Girls Club","10473","40.819754","-73.848209","209","18","86","2092673","2035700001","BX0903"
"AGING","Bronx","Senior Center","Occupied","Parkside","644 Adee Avenue","Presbyterian Senior Services","10467","40.86967","-73.869106","211","12","33601","2101742","2045420100","BX1104"
,"Bronx",,"Vacant","Saint Mary's Park","675 Westchester Avenue","Vacant","10455","40.816471","-73.907799","201","8","75","2093934","2026280001","BX0102"
,"Bronx","Health Clinic","RESERVED","Adams","690 Westchester Avenue","Bronx Community Health Network","10455","40.816584","-73.907585","201","8","79","2091976","2026540002","BX0102"
,"Bronx","TA USE","Occupied","Sack-Wern","710 Noble Avenue","NYCHA","10473","40.818861","-73.867208","209","18","2002","2021985","2035940001","BX0902"
"DOE","Bronx","Child Care","Occupied","Marble Hill","5480 / 5496 Broadway","Seventh Avenue Center for Family Services",,,,,,,,,
,"Bronx",,"Vacant","Melrose","731 Courtlandt Avenue","Vacant","10451","40.820832","-73.917638","201","17","67","2093919","2024130001","BX0102"
"AGING","Bronx","Senior Center","Occupied","Adams","735 East 152nd Street","Neighborhood SHOPP","10455","40.815994","-73.907843","201","8","79","2091979","2026540002","BX0102"
,"Bronx",,"Vacant","Gun Hill","744 Gunhill Road","Vacant","10467","40.876876","-73.864868","212","12","374","2093515","2046290050","BX1201"
"DYCD","Bronx","Community Center - Cornerstone","Occupied","Gun Hill","745 Magenta Street","Mosholu Montefiore Community Center Inc.","10467","40.874944","-73.86502","212","12","374","2093516","2046290050","BX1201"
"DOE","Bronx","Child Care","Occupied","Forest","749 East 163rd Street","Southeast Bronx Neighborhood Centers, Inc.","10456","40.822957","-73.904108","203","17","133","2091965","2026390001","BX0301"
"OTHER","Bronx","COMPASS","Occupied","McKinley","751 East 161st Street + 1G, 1H","Southeast Bronx Neighborhood Centers, Inc.","10456","40.821363","-73.904836","203","17","133","2091958","2026380090","BX0301"
,"Bronx",,"Vacant","Adams","755 East 152nd Street","Vacant","10455","40.815818","-73.90699","201","8","79","2091979","2026540002","BX0102"
"DYCD","Bronx","Community Center - Cornerstone","Occupied","Pelham Parkway","785 Pelham Pkway N","Mosholu Montefiore Community Center Inc.","10467","40.857915","-73.864614","211","13","328","2093364","2043490001","BX1104"
,"Bronx",,"Vacant","Monroe","816 Soundview Avenue","Vacant","10473","40.821583","-73.866325","209","18","42","2092750","2036370001","BX0902"
,"Bronx",,"Vacant","Hunts Point Avenue Rehab","875 Irvine Street","Vacant","10474","40.818859","-73.888578","202","17","11502","2006319","2027610003","BX0201"
"DOE","Bronx","Child Care","Occupied","McKinley","909 Tinton Avenue","Southeast Bronx Neighborhood Centers, Inc.","10456","40.821974","-73.903448","203","17","133","2091959","2026380090","BX0301"
"AGING","Bronx","Senior Center","Occupied","Union Avenue-East 163rd Street","950 Union Avenue","Presbyterian Senior Services","10459","40.822812","-73.901821","203","17","12901","2005015","2026780001","BX0202"
"OTHER","Bronx","Community Center","Occupied","Forest","955 Tinton Avenue","Southeast Bronx Neighborhood Centers, Inc.","10456","40.823096","-73.902991","203","17","133","2091964","2026390001","BX0301"
"AGING","Bronx","Senior Center","Occupied","Pelham Parkway","975 Waring Avenue","Jewish Association Services For the Aged","10469","40.861214","-73.859738","211","13","324","2093415","2044440001","BX1104"
"AGING","Brooklyn","Senior Center","Occupied","Whitman","105 North Portland Avenue","Fort Greene Senior Citizens Council","11205","40.694782","-73.976116","302","35","18501","3399809","3020410001","BK0203"
,"Brooklyn",,"Vacant","303 Vernon Avenue","1060 Myrtle Avenue","Vacant","11206","40.696506","-73.939325","303","36","283","3042881","3015850001","BK0302"
"DOE","Brooklyn","Child Care","Occupied","Albany","1185 Park Place","Brooklyn Kindergarten Society","11213","40.672793","-73.938391","308","36","343","3324613","3013520080","BK0802"
"DOE","Brooklyn","Child Care","Occupied","Howard","1592 East New York Avenue","Brooklyn Kindergarten Society","11212","40.6729","-73.909345","316","41","906","3339438","3034890001","BK1602"
"DYCD","Brooklyn","Community Center - Cornerstone","Occupied","Red Hook East","110 West 9th Street","Good Shepherd Services","11231","40.676024","-74.002318","306","38","85","3339411","3005380001","BK0601"
"DOE","Brooklyn","Child Care","Occupied","Low Houses","232 Powell Street","Brooklyn Kindergarten Society","11212","40.668946","-73.903789","316","41","908","3084013","3037450001","BK1602"
"DOE","Brooklyn","Child Care","Occupied","Brevoort","250 Ralph Avenue","Brooklyn Kindergarten Society","11233","40.68104","-73.9224","303","41","381","3325169","3016880001","BK0302"
"DOE","Brooklyn","Child Care","Occupied","Tompkins","730 Park Avenue","Brooklyn Kindergarten Society","11206","40.697942","-73.946392","303","36","25902","3324248","3017400001","BK0301"
"AGING","Brooklyn","Senior Center","Occupied","Red Hook East","120 West 9th Street","Spanish Speaking Elderly Council - RAICES, Inc.","11231","40.675925","-74.001961","306","38","85","3339412","3005380001","BK0601"
"OTHER","Brooklyn","Construction","Vacant","Borinquen Plaza I","125 Humboldt Street","YMCA of Greater New York","11206","40.705694","-73.941231","301","34","49302","3071353","3030800020","BK0104"
"DYCD","Brooklyn","Community Center - Cornerstone","Occupied","Kingsborough","129 Kingsborough 1st Walk","Flatbush Development Corporation","11233","40.67591","-73.927147","308","41","307","3324601","3013440001","BK0802"
"DOE","Brooklyn","Child Care","Occupied","Sumner","860 Park Avenue","Brooklyn Kindergarten Society","11206","40.698576","-73.940801","303","36","28502","3324728","3015800001","BK0302"
"DYCD","Brooklyn","Community Center - Cornerstone","Occupied","Low Houses","137 Belmont Avenue","Brooklyn Bureau of Comm. Service","11212","40.669205","-73.905172","316","41","908","3327015","3037270001","BK1602"
"AGING","Brooklyn","Senior Center","Occupied","Low Houses","137 Belmont Avenue","Fort Greene Senior Citizens Council","11212","40.669205","-73.905172","316","41","908","3327015","3037270001","BK1602"
"AGING","Brooklyn","Senior Center","Occupied","Garvey (Group A)","1440 East New York Avenue","Fort Greene Senior Citizens Council","11212","40.670654","-73.914575","316","41","902","3080727","3034960013","BK1602"
,"Brooklyn",,"Vacant","Whitman","149 North Oxford Walk","Vacant","11205","40.693525","-73.975049","302","35","18501","3335256","3020410001","BK0203"
"AGING","Brooklyn","Senior Center","Occupied","Stuyvesant Gardens II","150 Malcolm X Boulevard","Riseboro Community Partnership, Inc.","11221","40.688335","-73.930144","303","36","293","3044658","3016360024","BK0302"
,"Brooklyn","BK PM Office","Occupied","Howard","1620 East New York Avenue","NYCHA","11212","40.673361","-73.908296","316","41","906","3339439","3034890001","BK1602"
"DYCD","Brooklyn","Community Center - Cornerstone","Occupied","Albany","164 Troy Avenue","CAMBA, Inc.","11213","40.673838","-73.936245","308","36","343","3324617","3013520080","BK0802"
,"Brooklyn","TA USE","Occupied","Howard Ave /Park Place","1767B Sterling Place","NYCHA","11233","40.670896","-73.920148","316","41","363","3427326","3014660047","BK1601"
"DYCD","Brooklyn","Community Center - Cornerstone","Occupied","Ingersoll","177 Myrtle Avenue","University Settlement Society of New York, Inc.","11201","40.693614","-73.982305","302","35","1501","3257034","3020500001","BK0202"
"AGING","Brooklyn","Senior Center","Occupied","Glenmore Plaza","1777 Pitkin Avenue","Wayside Out-Reach Development Corporation, Inc.","11212","40.670168","-73.907561","316","37","906","3080766","3035070001","BK1602"
"DYCD","Brooklyn","Community Center - Cornerstone","Occupied","Garvey (Group A)","20 Amboy Street","Research Foundation of CUNY / Medgar Evers College","11212","40.670058","-73.91476","316","41","902","3251969","3034940010","BK1602"
"DOE","Brooklyn","Child Care","RESERVED","Kingsborough","133 Kingsborough 1st Walk","Bedford Stuyvesant Early Childhood Development Ctr., Inc.","11233","40.675367","-73.927198","308","41","307","3324601","3013440001","BK0802"
"DYCD","Brooklyn","Community Center - Cornerstone","Vacant","Stuyvesant Gardens I","214 Stuyvesant Avenue","CAMBA, Inc.","11221","40.687985","-73.933065","303","36","293","3044631","3016350041","BK0302"
"DOE","Brooklyn","Child Care","RESERVED","Stuyvesant Gardens I","214 Stuyvesant Avenue -2nd Fl","Bedford Stuyvesant Early Childhood Development Ctr., Inc.",,,,,,,,,
"AGING","Brooklyn","Senior Center","Occupied","Farragut","228 York Street","Spanish Speaking Elderly Council - RAICES, Inc.","11201","40.701304","-73.981762","302","35","23","3325909","3000710001","BK0202"
"DYCD","Brooklyn","Community Center - Cornerstone","Occupied","Farragut","228 York Street","Brooklyn Bureau of Comm. Service","11201","40.701304","-73.981762","302","35","23","3325909","3000710001","BK0202"
"AGING","Brooklyn","Senior Center","Occupied","Marlboro","2298 West 8th Street","Jewish Community Council of Coney Island","11223","40.592081","-73.978468","313","47","382","3322179","3071400016","BK1301"
"DYCD","Brooklyn","Community Center - Cornerstone","Occupied","Marlboro","2298 West 8th Street","Heartshare St. Vincent's Services","11223","40.592081","-73.978468","313","47","382","3322179","3071400016","BK1301"
"DYCD","Brooklyn","Community Center - Cornerstone","Occupied","Carey Gardens","2315 Surf Avenue","NIA Community Services Network, Inc.","11224","40.573958","-73.989878","313","47","326","3321840","3070560014","BK1302"
,"Brooklyn",,"Vacant","Gowanus","244 Bond Street","Vacant","11217","40.681914","-73.98825","306","39","71","3336075","3004040001","BK0601"
,"Brooklyn","Senior Center","RESERVED","Brevoort","258 Ralph Avenue","Riseboro Community Partnership, Inc.","11233","40.68071","-73.922336","303","41","381","3325169","3016880001","BK0302"
,"Brooklyn","TA USE","Occupied","Wyckoff Gardens","266 Wyckoff Street","NYCHA","11217","40.683464","-73.984193","306","39","127","3336056","3003940001","BK0601"
"DOE","Brooklyn","Child Care","Occupied","Pink","2700 Linden Boulevard","Colony South Brooklyn Houses","11208","40.669187","-73.864673","305","42","1214","3326995","3044880001","BK0505"
"AGING","Brooklyn","Senior Center","Occupied","Pink","2702 Linden Boulevard","Fort Greene Senior Citizens Council","11208","40.669208","-73.864514","305","42","1214","3326995","3044880001","BK0505"
"DYCD","Brooklyn","Community Center - Cornerstone","Occupied","Pink","2702 Linden Boulevard","CAMBA, Inc.","11208","40.669208","-73.864514","305","42","1214","3326995","3044880001","BK0505"
,"Brooklyn","RA Leader","Occupied","Wyckoff Gardens","272 Wyckoff Street","NYCHA","11217","40.68342","-73.984081","306","39","127","3336056","3003940001","BK0601"
"DOE","Brooklyn","Child Care","Occupied","Gravesend","2757 West 33rd Street","Labor Industry for Education, Inc.","11224","40.578145","-74.00018","313","47","330","3331093","3069640002","BK1302"
"AGING","Brooklyn","Senior Center","Occupied","Brevoort","280 Ralph Avenue","Riseboro Community Partnership, Inc.","11233","40.679794","-73.922153","303","41","381","3325173","3016880001","BK0302"
"DYCD","Brooklyn","Community Center - Cornerstone","Occupied","Brevoort","280 Ralph Avenue","CAMBA, Inc.","11233","40.679794","-73.922153","303","41","381","3325173","3016880001","BK0302"
"AGING","Brooklyn","Senior Center","Occupied","Wyckoff Gardens","280 Wyckoff Street","Spanish Speaking Elderly Council - RAICES, Inc.","11217","40.683365","-73.983941","306","39","127","3336056","3003940001","BK0601"
"DYCD","Brooklyn","Community Center - Cornerstone","Occupied","Wyckoff Gardens","280 Wyckoff Street","St. Vincent's Services, Inc.","11217","40.683365","-73.983941","306","39","127","3336056","3003940001","BK0601"
"AGING","Brooklyn","Senior Center","Occupied","Cooper Park","288 Frost Street","St. Nicks Alliance","11222","40.718837","-73.939856","301","34","44901","3327829","3028670001","BK0104"
,"Brooklyn","TA Use","Occupied","Cooper Park","292 Frost Street","NYCHA","11222","40.718895","-73.939633","301","34","44901","3327829","3028670001","BK0104"
"DYCD","Brooklyn","Community Center - Cornerstone","Occupied","O'Dwyer Gardens","2945 West 33rd Street","Brooklyn Bureau of Comm. Service","11224","40.573879","-73.99937","313","47","342","3321766","3070480015","BK1302"
"DYCD","Brooklyn","Community Center - Cornerstone?","Occupied","Coney Island I (Sites 4 & 5)","2947 West 28th Street","Heartshare St. Vincent's Services","11224","40.574453","-73.994089","313","47","342","3385303","3070530014","BK1302"
"AGING","Brooklyn","NORC","Occupied","Coney Island I (Site 8)","2950 West 35th Street","Jewish Association Services For the Aged","11224","40.573838","-74.000493","313","47","342","3189511","3070460022","BK1302"
"OTHER","Brooklyn","Child Care","Occupied","Sheepshead Bay","2953 Avenue X","Bay Kids Miniversity","11235","40.593955","-73.939418","315","46","572","3344550","3074051001","BK1503"
"Direct Head Start","Brooklyn","Child Care","Occupied","Carey Gardens","2964 West 23rd Street","Police Athletic League, Inc.","11224","40.574699","-73.989827","313","47","326","3321840","3070560014","BK1302"
"AGING","Brooklyn","Senior Center","Occupied","Hughes Apartments","301 Sutter Avenue","Wayside Out-Reach Development Corporation, Inc.","11212","40.667312","-73.909072","316","41","906","3348344","3035260021","BK1602"
"DYCD","Brooklyn","Community Center - Cornerstone","Occupied","Hughes Apartments","301 Sutter Avenue","Research Foundation of CUNY / Medgar Evers College","11212","40.667312","-73.909072","316","41","906","3348344","3035260021","BK1602"
"AGING","Brooklyn","Senior Center","Occupied","Haber","3024 West 24th Street","Jewish Community Council of Coney Island","11224","40.573171","-73.990645","313","47","352","3322050","3070700001","BK1302"
,"Brooklyn","REES Jobs Plus","Occupied","Coney Island","3026 Surf Avenue - new space","NYCHA",,,,,,,,,
"OTHER","Brooklyn","COMPASS","Occupied","Nostrand","3043 Avenue W","Kings Bay YM-YWHA","11229","40.596429","-73.936452","315","46","572","3320779","3073890001","BK1503"
,"Brooklyn","TA USE","Occupied","Ocean Hill Apartments","305 MacDougal Street","NYCHA","11233","40.680579","-73.908412","316","37","369","3041566","3015280033","BK1601"
,"Brooklyn","Skilled Trades /TA","Occupied","Gravesend","3146 Bayview Avenue","NYCHA","11224","40.578512","-73.998034","313","47","330","3331093","3069640002","BK1302"
,"Brooklyn",,"Vacant","Farragut","32 Navy Street","Vacant","11201","40.699325","-73.980493","302","35","23","3325919","3000900001","BK0202"
,"Brooklyn","DDC Project","Construction","Brownsville","320 Blake Avenue","Vacant","11212","40.665897","-73.907834","316","41","912","3326528","3035610001","BK1602"
"HRA","Brooklyn","Jobs Plus","Occupied","Van Dyke I","330 / 430 Powell Street","Fedcap, Inc.",,,,,,,,,
,"Brooklyn","TA USE","Occupied","Van Dyke I","330 / 430 Powell Street","NYCHA",,,,,,,,,
"DOE","Brooklyn","Child Care","Occupied","Lafayette","333 Classon Avenue","Billy Martin Child Development Day Care Center, Inc.","11205","40.689768","-73.960169","303","36","233","3321871","3019380001","BK0301"
,"Brooklyn",,"Vacant","Sheepshead Bay","3525 Nostrand Avenue","Vacant","11229","40.597782","-73.941366","315","46","572","3337289","3073870001","BK1503"
,"Brooklyn","Brooklyn Borough Manhattan Office","Construction","Roosevelt I","360 Pulaski Street","Vacant","11206","40.693836","-73.936392","303","36","289","3324973","3015980001","BK0302"
"AGING","Brooklyn","Senior Center","Occupied","Sheepshead Bay","3643 Nostrand Avenue","Catholic Charities Neighborhood Services, Inc.","11229","40.594966","-73.940825","315","46","572","3344554","3074051001","BK1503"
"AGING","Brooklyn","NORC","Occupied","Sheepshead Bay","3677 Nostrand Ave # 3A","Catholic Charities Neighborhood Services, Inc.","11229","40.594203","-73.940674","315","46","572","3344548","3074051001","BK1503"
"DYCD","Brooklyn","Community Center - Cornerstone","Occupied","Sheepshead Bay","3679 Nostrand Avenue","CAMBA, Inc.","11229","40.594132","-73.940663","315","46","572","3344548","3074051001","BK1503"
,"Brooklyn","NYPD","Occupied","Van Dyke I","381 Livonia Avenue","NYCHA","11212","40.663368","-73.903436","316","41","910","3328131","3037940001","BK1602"
,"Brooklyn","DDC Project","Construction","Van Dyke I","382 Sutter Avenue","Vacant","11212","40.667904","-73.90499","316","41","910","3328030","3037600001","BK1602"
,"Brooklyn","Brooklyn Borough Manhattan Office","Construction","Roosevelt I","388 Pulaski Street","Vacant","11206","40.694049","-73.934552","303","36","289","3324972","3015980001","BK0302"
"DYCD","Brooklyn","Community Center - Cornerstone","Occupied","Van Dyke I","392 Blake Avenue","CAMBA, Inc.","11212","40.66635","-73.904776","316","41","910","3394294","3037770001","BK1602"
"AGING","Brooklyn","Senior Center","Occupied","Roosevelt II","400 Hart Street","Fort Greene Senior Citizens Council","11206","40.694788","-73.934645","303","36","287","3341752","3015950024","BK0302"
"DYCD","Brooklyn","Community Center - Cornerstone","Occupied","Roosevelt II","400 Hart Street","Grand Street Settlement, Inc.","11206","40.694788","-73.934645","303","36","287","3341752","3015950024","BK0302"
"DYCD","Brooklyn","Community Center - Cornerstone","Occupied","Gowanus","420 Baltic Street","Grand Street Settlement, Inc.","11217","40.683646","-73.988783","306","39","71","3336072","3004040001","BK0601"
"AGING","Brooklyn","Senior Center","Occupied","Van Dyke II","430 Dumont Avenue","Wayside Out-Reach Development Corporation, Inc.","11212","40.664982","-73.903308","316","41","910","3328126","3037940001","BK1602"
,"Brooklyn",,"Vacant","Lafayette","434 DeKalb Avenue","Vacant","11205","40.690361","-73.960108","303","36","233","3321871","3019380001","BK0301"
"DYCD","Brooklyn","Community Center - Cornerstone","Occupied","Lafayette","442 Dekalb Avenue","Grand Street Settlement, Inc.","11205","40.690432","-73.959502","303","36","233","3321871","3019380001","BK0301"
"AGING","Brooklyn","Senior Center","Occupied","Kingsborough Extension","447 Kingsborough 4th Walk 2nd floor","Fort Greene Senior Citizens Council","11233","40.675242","-73.924931","308","41","307","3035751","3013440175","BK0802"
"AGING","Brooklyn","Senior Center","Occupied","Woodson","460 Dumont Avenue","Wayside Out-Reach Development Corporation, Inc.","11212","40.66514","-73.902222","316","42","910","3328133","3037970001","BK1602"
,"Brooklyn","TA USE","Occupied","Cypress Hills","465 Fountain Avenue","NYCHA","11208","40.668397","-73.873084","305","42","1210","3337039","3042920061","BK0505"
,"Brooklyn","Carpenter Shop and Storage","Occupied","Marcy","468 Marcy Avenue","NYCHA","11206","40.698932","-73.949929","303","36","255","3325584","3017190001","BK0301"
,"Brooklyn",,"Vacant","Sumner","47 Marcus Garvey Boulevard","Vacant","11206","40.697945","-73.941018","303","36","28502","3324728","3015800001","BK0302"
"AGING","Brooklyn","Senior Center","Occupied","Vandalia Avenue","47 Vandalia Avenue","Millennium Development Corp.","11239","40.649799","-73.88676","305","42","105804","3348859","3044310100","BK0504"
"AGING","Brooklyn","Senior Center","Occupied","Cypress Hills","475 Fountain Avenue","Cypress Hills-Fulton Street Senior Citizens Center, Inc.","11208","40.668288","-73.873005","305","42","1210","3337041","3042920061","BK0505"
"DYCD","Brooklyn","Community Center - Cornerstone","Occupied","Cypress Hills","475 Fountain Avenue","CAMBA, Inc.","11208","40.668288","-73.873005","305","42","1210","3337041","3042920061","BK0505"
"DOE","Brooklyn","Child Care","Occupied","Marlboro","49 Avenue W","The Friends of Crown Heights Educational Centers, Inc.","11223","40.591395","-73.982238","313","47","382","3322146","3071370001","BK1301"
"DYCD","Brooklyn","Community Center - Cornerstone?","Occupied","Marcy","492 Marcy Avenue","Grand Street Settlement, Inc.","11206","40.698149","-73.949767","303","36","255","3325586","3017190001","BK0301"
"OTHER","Brooklyn","Child Care","Occupied","Marcy","494 Marcy Avenue","Conga Sharay  Ditza  d/b/a  The Williamsburg Day Care","11206","40.698084","-73.949756","303","36","255","3325586","3017190001","BK0301"
"AGING","Brooklyn","NORC","Occupied","Bushwick","50 Humboldt Street","Jewish Association Services For the Aged","11206","40.703179","-73.940761","301","34","489","3338434","3031290001","BK0104"
"DYCD","Brooklyn","Community Center - Cornerstone","Occupied","Bushwick","50 Humboldt Street","Grand Street Settlement, Inc.","11206","40.703179","-73.940761","301","34","489","3338434","3031290001","BK0104"
"DYCD","Brooklyn","Community Center - Cornerstone","Occupied","Atlantic Terminal Site 4B","501 Carlton Avenue","University Settlement Society of New York, Inc.","11238","40.682761","-73.97077","302","35","179","3057520","3020070001","BK0203"
"OTHER","Brooklyn","Community Center","Occupied","Brownsville","528 Mother Gaston Boulevard","Research Foundation of CUNY / Medgar Evers College","11212","40.665956","-73.905923","316","41","912","3325326","3035610001","BK1602"
"AGING","Brooklyn","Senior Center","Occupied","Brownsville","528 Mother Gaston Boulevard","Wayside Out-Reach Development Corporation, Inc.","11212","40.665956","-73.905923","316","41","912","3325326","3035610001","BK1602"
"AGING","Brooklyn","Senior Center","Occupied","Glenwood","5701 -5703 Avenue H","Catholic Charities Neighborhood Services, Inc.","11234","40.633288","-73.921555","318","45","94402","3331006","3079780001","BK1801"
"DYCD","Brooklyn","Community Center - Cornerstone","Occupied","Unity Plaza (sites 4-27)","576 Blake Avenue","Grand Street Settlement, Inc.","11207","40.66739","-73.897782","305","42","1134","3336125","3037850015","BK0502"
"DYCD","Brooklyn","Community Center - Cornerstone","Occupied","Glenwood","5816 Farragut Road","Flatbush Development","11234","40.636749","-73.920568","318","45","94402","3331003","3079780001","BK1801"
,"Brooklyn",,"Vacant","Marcy","582 Park Avenue","Vacant","11206","40.697302","-73.951996","303","36","255","3324244","3017380001","BK0301"
"DYCD","Brooklyn","Community Center - Cornerstone","Occupied","Bayview","5955 Shore Parkway","Millennium Development Corp.","11236","40.631986","-73.884617","318","46","103401","3391490","3083290225","BK1803"
,"Brooklyn","DMP","Occupied","Bayview","5985 Shore Parkway","NYCHA","11236","40.632639","-73.883788","318","46","103401","3331443","3083290225","BK1803"
,"Brooklyn",,"Vacant","Red Hook West","6 Wolcott Street","Vacant","11231","40.675345","-74.009972","306","38","85","3323702","3005570001","BK0601"
"AGING","Brooklyn","Senior Center","Occupied","Tilden","630 Mother Gaston Boulevard","Wayside Out-Reach Development Corporation, Inc.","11212","40.663471","-73.905278","316","41","912","3326549","3035760001","BK1602"
"DYCD","Brooklyn","Community Center - Cornerstone","Occupied","Tilden","630 Mother Gaston Boulevard","Research Foundation of CUNY / Medgar Evers College","11212","40.663471","-73.905278","316","41","912","3326549","3035760001","BK1602"
"OTHER","Brooklyn","Senor Center","Occupied","Brown","1630 Saint Marks Avenue","Fort Greene Senior Citizens Council","11233","40.673166","-73.912849","316","41","363","3394308","3014600001","BK1601"
"OTHER","Brooklyn","Child Care - Early Intervention (ABA)","Occupied","Stuyvesant Gardens I","706 Quincy Street","New York Child Resource Center's, Inc.","11221","40.689085","-73.932109","303","36","293","3379547","3016310001","BK0302"
"DOE","Brooklyn","Child Care","Occupied","Breukelen","715 East 105th Street","Recreation Rooms & Settlement","11236","40.648732","-73.896005","318","42","982","3321523","3081930001","BK1803"
"DYCD","Brooklyn","Community Center - Cornerstone","Occupied","Breukelen","715 East 105th Street","Bergen Basin Community Development Corp.","11236","40.648732","-73.896005","318","42","982","3321523","3081930001","BK1803"
"DOE","Brooklyn","Child Care","Occupied","Breukelen","717 East 105th Street","Recreation Rooms & Settlement","11236","40.648672","-73.895937","318","42","982","3321523","3081930001","BK1803"
"AGING","Brooklyn","Senior Center","Occupied","Reid Apartments","720 East New York Avenue","Fort Greene Senior Citizens Council","11203","40.662289","-73.938916","309","40","87401","3106612","3047950016","BK0902"
"DOE","Brooklyn","Child Care","Occupied","Cypress Hills","720 Euclid Avenue","Colony South Brooklyn Houses","11208","40.669298","-73.870437","305","42","1210","3337053","3042920061","BK0505"
"DYCD","Brooklyn","Community Center - Cornerstone","Occupied","Tompkins","736 Park Avenue","Grand Street Settlement, Inc.","11206","40.697972","-73.946128","303","36","25902","3324248","3017400001","BK0301"
"DYCD","Brooklyn","Community Center - Cornerstone","Occupied","Cooper Park","76 Kingsland Avenue","Coalition for Hispanic Family Services","11211","40.718374","-73.940419","301","34","44901","3332781","3028670001","BK0104"
"DYCD","Brooklyn","Community Center - Cornerstone","Occupied","Taylor Street-Wythe Avenue","80 Clymer Street","El Puente De Williamsburg","11249","40.705037","-73.965992","301","34","545","3251702","3021750030","BK0103"
"AGING","Brooklyn","Senior Center","Occupied","Borinquen Plaza I","80 Seigel Street","Riseboro Community Partnership, Inc.","11206","40.704366","-73.943775","301","34","491","3071447","3030960030","BK0104"
"AGING","Brooklyn","Senior Center","Occupied","Sumner","862 Park Avenue","Riseboro Community Partnership, Inc.","11206","40.698582","-73.940736","303","36","28502","3324728","3015800001","BK0302"
"DYCD","Brooklyn","Community Center - Cornerstone","Occupied","Sumner","862 Park Avenue","St. Nicks Alliance","11206","40.698582","-73.940736","303","36","28502","3324728","3015800001","BK0302"
"DYCD","Brooklyn","Community Center - Cornerstone","Occupied","Howard","90 Watkins Street","CAMBA, Inc.","11212","40.670843","-73.90818","316","41","906","3348343","3034890001","BK1602"
"DYCD","Brooklyn","Community Center - Cornerstone","Occupied","Saratoga Village","940 Hancock Street","Research Foundation of CUNY / Medgar Evers College","11233","40.686249","-73.917678","316","41","373","3039983","3014920001","BK1601"
,"Brooklyn","Brooklyn Borough Manhattan Office","Construction","Roosevelt I","971 Dekalb Street","Vacant",,,,,,,,,
"DOE","Manhattan","Child Care","Occupied","King Towers","1 West 112th Street","East Calvary Day Care Center, Inc.","10026","40.798159","-73.948363","110","9","186","1083309","1015960001","MN1001"
"OTHER","Manhattan","Unkown","Occupied","Smith","10 Catherine Slip","Hamilton-Madison House, Inc.","10038","40.709867","-73.996425","103","1","25","1077411","1001110100","MN0301"
,"Manhattan",,"Vacant","Thomas Apartments","102 West 91st Street","Vacant","10024","40.789779","-73.970124","107","6","177","1077231","1012210038","MN0702"
"DOE","Manhattan","Child Care","Occupied","Riis II","108 Avenue D","Chinese-American Planning Council, Inc.","10009","40.723492","-73.976164","103","2","24","1077507","1003620001","MN0303"
"DYCD","Manhattan","Community Center - Cornerstone","Occupied","Robinson","110 East 129th Street","SCAN-Harbor, Inc.","10035","40.807387","-73.936695","111","9","242","1054505","1017770005","MN1102"
,"Manhattan",,"Vacant","Robinson","110 East 129th Street","Vacant","10035","40.807387","-73.936695","111","9","242","1054505","1017770005","MN1102"
"OTHER","Manhattan","SYEP 2019 (see notes)","RESERVED","Baruch","110-120 Baruch Drive","Henry Street Settlement, Inc.","10002","40.718774","-73.977424","103","2","1002","1078034","1003230001","MN0302"
"DOE","Manhattan","Child Care - UPK 2014","Occupied","Amsterdam","206 West 64th Street","Hudson Guild","10023","40.773624","-73.985584","107","6","15101","1082576","1011540101","MN0701"
"DOE","Manhattan","Child Care","Occupied","Lexington","115 East 98th Street","Lexington Children's Center","10029","40.787637","-73.951057","111","8","166","1078911","1016260001","MN1101"
"AGING","Manhattan","Senior Center","Occupied","Fulton","119 9th Avenue","Hudson Guild","10011","40.743172","-74.00376","104","3","83","1078418","1007150010","MN0401"
"AGING","Manhattan","Senior Center","Occupied","Wald","12 Avenue D","United Jewish Council of the East Side, Inc.","10009","40.720462","-73.978369","103","2","20","1078045","1003560001","MN0303"
"DYCD","Manhattan","Community Center - Cornerstone","Occupied","Clinton","120 East 110th Street (1st Floor)","SCAN-Harbor, Inc.","10029","40.795119","-73.945194","111","8","172","1078931","1016370001","MN1101"
"DYCD","Manhattan","Community Center - Cornerstone Expansion","Occupied","Clinton","120 East 110th Street (Mezzanine and 2nd Floor)","SCAN-Harbor, Inc.","10029","40.795119","-73.945194","111","8","172","1078931","1016370001","MN1101"
"OTHER","Manhattan","Urban Family Center - Shelters","RESERVED","Lavanburg Homes","126-142 Baruch Place","Henry Street Settlement, Inc.","10002","40.7182","-73.976826","103","2","1002","1077594","1003250001","MN0302"
"DOE","Manhattan","Child Care","Occupied","Grant","1299 Amsterdam Avenue","East Harlem Block Nursery, Inc.","10027","40.811919","-73.957318","109","7","20901","1084095","1019640001","MN0901"
"DYCD","Manhattan","Community Center - Cornerstone","Occupied","Grant","1301 Amsterdam Avenue","Mosholu Montefiore Community Center Inc.","10027","40.811994","-73.957264","109","7","20901","1084095","1019640001","MN0901"
"AGING","Manhattan","Senior Center","Occupied","Grant","1301 Amsterdam Avenue","Charles A. Walburg Multi-Service, Inc.","10027","40.811994","-73.957264","109","7","20901","1084095","1019640001","MN0901"
"OTHER","Manhattan","Recreational/Educational/Social Services","Occupied","Taft","1365  5th Avenue (2 PRAM ROOMS)","Stanley M. Isaacs Neighborhood Center","10029","40.798815","-73.947799","111","8","184","1080501","1016180001","MN1102"
"DOE","Manhattan","Child Care","Occupied","Holmes Towers","1794 1st Avenue","SCAN-Harbor, Inc.","10128","40.781201","-73.946206","108","8","152","1076333","1015730020","MN0803"
"OTHER","Manhattan","Office Space, Training, RA Use","Occupied","Rehab Program (Taft Rehabs)","146 Saint Nicholas Avenue","Citizens Care Day Care Center, Inc.","10026","40.804493","-73.952728","110","9","218","1084042","1019230029","MN1001"
,"Manhattan",,"Construction","Riis","152-154 Avenue D","Vacant","10009","40.725076","-73.975009","103","2","24","1077543","1003670001","MN0303"
"OTHER","Manhattan","Food Pantry/Storage","Occupied","Wald","18 Avenue D","House of Good Deeds, Inc.","10009","40.720676","-73.978217","103","2","20","1078047","1003560001","MN0303"
"DYCD","Manhattan","Community Center - Cornerstone","Occupied","Lehman Village","1589 Madison Avenue","SCAN-Harbor, Inc.","10029","40.794311","-73.948979","111","8","17401","1078857","1016130023","MN1101"
"DOE","Manhattan","Child Care","Occupied","Rangel","159-30 Harlem River Drive","Prince Hall Service Fund, Inc.","10039","40.833115","-73.935445","110","9","24302","1084184","1021060320","MN1002"
"DYCD","Manhattan","Anti Gun Violence","Occupied","Rangel","159-36 Harlem River Drive","REACH","10039","40.833365","-73.935456","110","9","24302","1084184","1021060320","MN1002"
"OTHER","Manhattan","Choir","Occupied","Rangel","159-36 Harlem River Drive","Songs of Solomon","10039","40.833365","-73.935456","110","9","24302","1084184","1021060320","MN1002"
"AGING","Manhattan","Senior Center","Occupied","Rangel","159-36 Harlem River Drive","COTHOA - Church on The Hill","10039","40.833365","-73.935456","110","9","24302","1084184","1021060320","MN1002"
,"Manhattan","RA President","Occupied","Rangel","159-44 Harlem River Drive","NYCHA","10039","40.833661","-73.935467","110","9","24302","1084184","1021060320","MN1002"
,"Manhattan",,"Vacant","Rangel","159-62 Harlem River Drive","Vacant","10039","40.834054","-73.935477","110","9","24302","1084186","1021060320","MN1002"
"AGING","Manhattan","Senior Center","Occupied","Lehman Village","1641 Madison Avenue  Apt. 1C, 1D & PRAM","Carter Burden Center for the Aging, Inc. d/b/a Carter Burd","10029","40.79584","-73.947866","111","8","17401","1078867","1016150023","MN1101"
"DOE","Manhattan","Child Care","Occupied","131 Saint Nicholas Avenue","131 Saint Nicholas Avenue","Citizens Care Day Care Center, Inc.","10026","40.803994","-73.952721","110","9","218","1058378","1019220041","MN1001"
"Direct Head Start","Manhattan","Child Care","Occupied","Taft","1724-26 Madison Avenue (Commercial Space Store #5)","Children's Aid Society, The","10029","40.798496","-73.94595","111","8","184","1080504","1016180001","MN1102"
"OTHER","Manhattan","Vocational/Trade School","Occupied","Johnson","173 East 112th Street","Renaissance Technical Institute","10029","40.795653","-73.942449","111","8","182","1089897","1016400021","MN1102"
"OTHER","Manhattan","Community Center","Occupied","Taft","1732 Madison Avenue (Commercial Space Store #8)","Children's Aid Society, The","10029","40.798844","-73.945696","111","8","184","1080505","1016180001","MN1102"
"OTHER","Manhattan","Community Center","Occupied","Lower East Side I Infill","175 Eldridge Street","University Settlement Society of New York, Inc.","10002","40.720412","-73.990822","103","1","18","1005602","1004200062","MN0302"
"HHC","Manhattan","Health Clinic","Occupied","Dyckman","175 Nagle Avenue","New York City Department of Health / Global Health","10034","40.86164","-73.92459","112","10","299","1080027","1022160001","MN1203"
,"Manhattan",,"Vacant","Washington","1761 Third Avenue","Vacant","10029","40.786135","-73.948625","111","8","15602","1082344","1016470001","MN1101"
"AGING/DYCD","Manhattan","Union Settlement","Construction","Washington","1775 Third Avenue","Vacant","10029","40.786574","-73.948303","111","8","15602","1079203","1016470001","MN1101"
"OTHER","Manhattan","Youth Services","Occupied","Holmes Towers","1792 1st Avenue","Stanley M. Isaacs Neighborhood Center","10128","40.781149","-73.946242","108","8","152","1076333","1015730020","MN0803"
"DOE","Manhattan","Child Care","Occupied","Manhattanville","3240 Broadway","Citizens Care Day Care Center, Inc.","10027","40.816951","-73.957365","109","7","219","1084124","1019840001","MN0902"
"OTHER","Manhattan","COMPASS","Occupied","DeHostos Apartments","696 Amsterdam Avenue","Strycker's Bay Neighborhood Council, Inc./The Dome Project","10025","40.792623","-73.971422","107","7","179","1033648","1012410025","MN0702"
,"Manhattan",,"Vacant","Johnson","1820 Lexington Avenue","Vacant","10029","40.796524","-73.943167","111","8","182","1079195","1016400001","MN1102"
"DOE","Manhattan","Child Care","Occupied","Johnson","1829 Lexington Avenue","Union Settlement Association","10029","40.796762","-73.942968","111","8","182","1087213","1016400021","MN1102"
,"Manhattan",,"Vacant","Lexington","183 East 98th Street","Vacant","10029","40.786667","-73.948837","111","8","166","1082320","1016260021","MN1101"
"DYCD","Manhattan","Community Center - Cornerstone","Occupied","Johnson","1833 Lexington Avenue","SCAN-Harbor, Inc.","10029","40.796894","-73.942874","111","8","182","1082335","1016400021","MN1102"
"AGING","Manhattan","Senior Center","Occupied","Hernandez","189 Allen Street","University Settlement Society of New York, Inc.","10002","40.722133","-73.988964","103","1","3601","1005537","1004170001","MN0302"
"DOE","Manhattan","Union Settlement/ Child Care","Construction","Washington","1893 Second Avenue","Vacant","10029","40.785154","-73.946448","111","8","15602","1082343","1016470001","MN1101"
"OTHER","Manhattan","Domestic Violence Program/Counseling","Occupied","UPACA 6 (Site 6)","1940 Lexington Avenue","Barrier Free Living, Inc.","10035","40.80073","-73.940093","111","9","196","1054368","1017680012","MN1102"
,"Manhattan","TA USE","Occupied","Bethune Gardens","1949 Amsterdam Avenue","NYCHA","10032","40.832646","-73.942182","112","10","239","1062490","1021070059","MN1201"
"AGING","Manhattan","Senior Center","Occupied","Marshall Plaza","1970 Amsterdam Avenue","COTHOA - Church on The Hill","10032","40.83328","-73.94174","112","10","241","1076742","1021160033","MN1201"
"DYCD","Manhattan","Community Center - Cornerstone","Occupied","King Towers","2 West 115th Street","SCAN-Harbor, Inc.","10026","40.799987","-73.947057","110","9","186","1083316","1015960001","MN1001"
"DYCD","Manhattan","Community Center - Cornerstone","Occupied","Rutgers","200 Madison Street","Grand Street Settlement, Inc.","10002","40.712608","-73.990358","103","1","6","1077512","1002550001","MN0301"
"AGING","Manhattan","Senior Center","Occupied","White","2029 2nd Avenue","Union Settlement Association","10029","40.789473","-73.943288","111","8","170","1080669","1016540011","MN1101"
"OTHER","Manhattan","Health Clinic (mental)","Occupied","Jefferson","2089 Third Avenue","Union Settlement Association","10029","40.796761","-73.940873","111","8","180","1080705","1016620001","MN1102"
,"Manhattan",,"Vacant","Jefferson","2095 Third Avenue","Vacant","10029","40.796967","-73.940721","111","8","180","1080705","1016620001","MN1102"
"OTHER","Manhattan","Health Clinic (mental)","Occupied","Jefferson","210 East 115th Street","Union Settlement Association","10029","40.797132","-73.940237","111","8","180","1080705","1016620001","MN1102"
"AGING","Manhattan","Senior Center","Occupied","Saint Nicholas","210 West 131st Street","Central Harlem Senior Citizens Center, Inc.","10027","40.812977","-73.94614","110","9","224","1081515","1019330050","MN1002"
,"Manhattan","NYCHA Manhattan Borough Property Management","Occupied","Lincoln","2110 Madison Avenue","NYCHA","10037","40.810563","-73.937136","111","9","210","1081115","1017570001","MN1102"
,"Manhattan","Manhattan Neighborhood 7","Occupied","Lincoln","2112 Madison Avenue","NYCHA","10037","40.810664","-73.937064","111","9","210","1081115","1017570001","MN1102"
,"Manhattan","TA USE","Occupied","Lower East Side I Infill","213 Eldridge Street","NYCHA","10002","40.721532","-73.990252","103","1","3601","1077628","1004210052","MN0302"
,"Manhattan","TA USE","Occupied","Amsterdam","218 West 64th Street","NYCHA","10023","40.773893","-73.986226","107","6","15101","1082579","1011540101","MN0701"
,"Manhattan",,"Vacant","Saint Nicholas","220 West 131st Street","Vacant","10027","40.813142","-73.946537","110","9","224","1081514","1019330050","MN1002"
"DYCD","Manhattan","Community Center - Cornerstone","Occupied","Drew - Hamilton","220 West 143rd Street","Children's Village","10030","40.8208","-73.94113","110","9","232","1086084","1020280016","MN1002"
"AGING","Manhattan","Senior Center","Occupied","Drew - Hamilton","220 West 143rd Street","SAGE, Inc.","10030","40.8208","-73.94113","110","9","232","1086084","1020280016","MN1002"
"OTHER","Manhattan","ATTAIN LAB","Occupied","Drew - Hamilton","220 West 143rd Street","Research Foundation of the State University of New York","10030","40.8208","-73.94113","110","9","232","1086084","1020280016","MN1002"
"AGING/OTHER","Manhattan","Senior Center/ COMPASS","Occupied","Jefferson","2205 First Avenue","Union Settlement Association","10029","40.794319","-73.93665","111","8","180","1081091","1016840001","MN1102"
"DOE","Manhattan","Child Care or Head Start","Occupied","Jefferson","2211 First Avenue","Union Settlement Association","10029","40.794511","-73.936509","111","8","180","1081091","1016840001","MN1102"
,"Manhattan","TA USE","Occupied","Straus","225 East 27th Street","NYCHA","10016","40.740851","-73.980116","106","2","66","1019877","1009080017","MN0603"
"OTHER","Manhattan","Family Services / Vocational / GED","Occupied","Carver","1445 Madison Avenue","Real Dads Network, Inc.","10029","40.789378","-73.952576","111","8","168","1082312","1016050024","MN1101"
"DOE","Manhattan","Child Care","Occupied","Saint Nicholas","236 West 129st Street","Utopia Children's Center","10027","40.811811","-73.947207","110","9","224","1081503","1019330001","MN1002"
,"Manhattan","Manhattan Property Management","Occupied","Saint Nicholas","236 West 131st Street","NYCHA","10027","40.813265","-73.946826","110","9","224","1081514","1019330050","MN1002"
"DOE","Manhattan","Child Care /Community Center/Credit Union","Occupied","White","237 East 104th Street","Union Settlement Association","10029","40.789687","-73.944267","111","8","170","1080671","1016540011","MN1101"
,"Manhattan","Manhattan Property Management","Occupied","Saint Nicholas","2374 Frederick Douglass Boulevard","NYCHA",,,,,,,,,
"HRA","Manhattan","Jobs Plus","Occupied","Wald","24 Avenue D","Henry Street Settlement, Inc.","10009","40.720789","-73.978134","103","2","20","1078047","1003560001","MN0303"
"DOE","Manhattan","Child Care","Occupied","Amsterdam Addition","243 West 64th Street","Goddard Riverside Community Center","10023","40.774214","-73.986937","107","6","15101","1030340","1011560020","MN0701"
"DYCD","Manhattan","MAP/Neighborhood","Occupied","Saint Nicholas","250 West 131st Street","Living Redemption Community Development Corporation","10027","40.813609","-73.947653","110","9","224","1081513","1019330050","MN1002"
"AGING/OTHER","Manhattan","Senior Center/ NORC / COMPASS","Occupied","Amsterdam Addition","250 West 65th Street","Goddard Riverside Community Center","10023","40.77501","-73.98689","107","6","15101","1030340","1011560020","MN0701"
"Direct Head Start","Manhattan","Child Care","Occupied","Drew - Hamilton","2672 Frederick Douglass Boulevard","Children's Aid Society, The",,,,,,,,,
,"Manhattan","Neighborhood Administrators","Occupied","Drew - Hamilton","2690 Frederick Douglass Boulevard","NYCHA",,,,,,,,,
,"Manhattan",,"Vacant","Drew - Hamilton","2698 Frederick Douglass Boulevard","Vacant",,,,,,,,,
"AGING","Manhattan","Senior Center","Occupied","LaGuardia Addition","280 Cherry Street","New York Foundation For Senior Citizens","10002","40.711376","-73.988461","103","1","6","1003211","1002560014","MN0301"
"OTHER","Manhattan","Adult Day Care Center","Occupied","Baruch","280 Delancey Street","Divine Living Adult Daycare Center, Inc.","10002","40.716079","-73.980373","103","2","1002","1078039","1003230001","MN0302"
"HHC","Manhattan","Health Clinic","Occupied","Saint Nicholas","281 West 127th Street","New York City Department of Health / Pagney-Global Health","10027","40.811288","-73.949747","110","9","224","1081504","1019330001","MN1002"
"DYCD","Manhattan","Community Center - Cornerstone","Occupied","Two Bridges URA (Site 7)","286 South Street","YMCA of Greater New York - Chinatown","10002","40.710478","-73.986571","103","1","201","1003142","1002450001","MN0301"
,"Manhattan",,"Vacant","Polo Grounds Towers","2931 Frederick Douglass Boulevard","Vacant",,,,,,,,,
"DOE","Manhattan","Child Care","Occupied","Baruch","294 Delancey Street","Grand Street Settlement, Inc.","10002","40.715758","-73.979334","103","2","1002","1078038","1003230001","MN0302"
"OTHER","Manhattan","Community Services (workforce, social services, traning for seniors)","Occupied","Bracetti Plaza","296 East 4th Street","Vision Urbana, Inc.","10009","40.72242","-73.980515","103","2","2601","1004617","1003860033","MN0303"
"OTHER","Manhattan","ATTAIN LAB","Occupied","Polo Grounds Towers","2965 Frederick Douglass Boulevard","Research Foundation of the State University of New York",,,,,,,,,
"AGING","Manhattan","Senior Center","Occupied","Polo Grounds Towers","2965 Frederick Douglass Boulevard","COTHOA - Church on The Hill",,,,,,,,,
,"Manhattan",,"Vacant","Polo Grounds Towers","2967 Frederick Douglass Boulevard","Vacant",,,,,,,,,
"DOE","Manhattan","Child Care","Occupied","Baruch","300 Delancey Street","Grand Street Settlement, Inc.","10002","40.715709","-73.979168","103","2","1002","1078037","1003230001","MN0302"
"DYCD","Manhattan","Community Center - Cornerstone","Occupied","Polo Grounds Towers","3005 Frederick Douglass Boulevard","Police Athletic League, Inc.",,,,,,,,,
,"Manhattan","Union Settlement Association","Construction","Metro North Plaza","304 East 102nd Street","Vacant","10029","40.787977","-73.944153","111","8","164","1079341","1016730006","MN1101"
"AGING","Manhattan","Senior Center","Occupied","Corsi Houses","307 East 116th Street","Union Settlement Association","10029","40.796935","-73.93759","111","8","188","1079357","1016880045","MN1102"
"OTHER","Manhattan","Community Center / Sports","Occupied","Corsi Houses","307 East 116th Street","Harlem RBI d/b/a DREAM","10029","40.796935","-73.93759","111","8","188","1079357","1016880045","MN1102"
,"Manhattan","TA USE","Occupied","Grant","3170 Broadway","NYCHA","10027","40.814794","-73.958928","109","7","211","1084118","1019800001","MN0901"
"AGING","Manhattan","Senior Center","Occupied","Vladeck","334 Madison Street","Henry Street Settlement, Inc.","10002","40.713266","-73.983237","103","1","202","1077526","1002600001","MN0302"
,"Manhattan","Neighborhood Offices","Occupied","Wald","34 Avenue D","NYCHA","10009","40.721351","-73.977723","103","2","20","1078048","1003560001","MN0303"
"AGING","Manhattan","Senior Center","Occupied","Robbins Plaza","343 East 70th Street # 2A, 2B, 2C, 3B","Lenox Hill Neighborhood House","10021","40.766686","-73.95739","108","5","12601","1044841","1014450023","MN0801"
"DOE","Manhattan","Child Care","Occupied","Metro North Plaza","345 East 101st Street","Addie Mae Collins Community Services, Inc.","10029","40.787019","-73.943742","111","8","164","1079340","1016730006","MN1101"
"AGING","Manhattan","NORC","Occupied","Vladeck","351 Madison Street  1B, 1C, 1E","Henry Street Settlement, Inc.",,,,,,,,,
,"Manhattan","Neighborhood Administrator Office and Planning Unit","Occupied","Wald","36 Avenue D","NYCHA","10009","40.721382","-73.977701","103","2","20","1078048","1003560001","MN0303"
"OTHER","Manhattan","Family/Youth Program / Meals on Wheels Offices","Occupied","Vladeck","367 Madison Street","Henry Street Settlement, Inc.","10002","40.713395","-73.982282","103","1","202","1083405","1002670024","MN0302"
"DOE","Manhattan","Child Care","Occupied","Dyckman","3732 Tenth Avenue","The Friends of Crown Heights Educational Centers, Inc.","10034","40.859898","-73.922264","112","10","299","1080030","1022160001","MN1203"
"AGING","Manhattan","Senior Center","Occupied","Dyckman","3754 Tenth Avenue","New York Foundation For Senior Citizens","10034","40.860844","-73.921587","112","10","299","1080032","1022160001","MN1203"
"DYCD","Manhattan","Community Center - Cornerstone","Occupied","Dyckman","3782 Tenth Avenue","Children's Arts and Science Workshop, Inc.","10034","40.861366","-73.921207","112","10","299","1080033","1022160001","MN1203"
"OTHER","Manhattan","Community Center/ Health Clinic","Occupied","La Guardia","40 Montgomery Street","Henry Street Settlement, Inc.","10002","40.71288","-73.985038","103","1","201","1083385","1002580001","MN0301"
"DYCD","Manhattan","Community Center - Cornerstone","Occupied","East River","402 - 404 East 105th Street","SCAN-Harbor, Inc.","10029","40.788908","-73.940486","111","8","162","1083941","1016960001","MN1101"
"OTHER","Manhattan","Business Development","Occupied","East River","402 East 105th Street","Union Settlement Association","10029","40.788908","-73.940486","111","8","162","1083941","1016960001","MN1101"
,"Manhattan",,"Vacant","East River","414 - 416 East 105th Street","Vacant","10029","40.788689","-73.939959","111","8","162","1083946","1016960001","MN1101"
"AGING","Manhattan","Senior Center/ NORC/Food Pantry","Occupied","Isaacs","415 East 93rd Street","Stanley M. Isaacs Neighborhood Center","10128","40.780904","-73.945112","108","8","152","1082367","1015730001","MN0803"
"OTHER","Manhattan","Computer Lab","Occupied","Fulton","418 West 17th Street","Hudson Guild","10011","40.743185","-74.004756","104","3","83","1078411","1007140031","MN0401"
"OTHER","Manhattan","Case Management - Seniors","Occupied","Chelsea","428 West 26th Street - PRAM + locker rooms","Hudson Guild",,,,,,,,,
"DYCD","Manhattan","Community Center - Cornerstone","Occupied","Wagner","435 East 120th Street","SCAN-Harbor, Inc.","10035","40.798041","-73.932186","111","8","192","1081287","1018080001","MN1102"
"AGING","Manhattan","Senior Center","Occupied","Wagner","435 East 120th Street","Union Settlement Association","10035","40.798041","-73.932186","111","8","192","1081287","1018080001","MN1102"
"AGING /DOE/ OTHER","Manhattan","NORC/ Child Care / Health Clinic / COMPASS","Occupied","Chelsea Addition","441 West 26th Street","Hudson Guild","10001","40.749196","-74.001815","104","3","97","1012827","1007240010","MN0401"
,"Manhattan",,"Vacant","Elliott","447 West 25th Street","Vacant","10001","40.748579","-74.002277","104","3","93","1083579","1007230001","MN0401"
,"Manhattan",,"Construction","Wagner","451 East 120th Street","Vacant","10035","40.797802","-73.931619","111","8","192","1081290","1018080001","MN1102"
,"Manhattan",,"Construction","East River","453 East 102nd Street","Vacant","10029","40.786271","-73.940034","111","8","162","1083942","1016960001","MN1101"
"DOE","Manhattan","Child Care","Occupied","Elliott","459 West 26th Street","Hudson Guild","10001","40.74938","-74.002252","104","3","97","1083583","1007240001","MN0401"
,"Manhattan",,"RESERVED","Riis","464 East 10th Street","Henry Street Settlement, Inc.","10009","40.724601","-73.97454","103","2","24","1077538","1003620010","MN0303"
"AGING","Manhattan","Senior Center","Occupied","King Towers","50 Lenox Avenue","Presbyterian Senior Services","10026","40.799593","-73.951421","110","9","186","1083312","1015960001","MN1001"
"AGING","Manhattan","NORC/ Community Center","Occupied","Smith","50 Madison Street","Hamilton-Madison House, Inc.","10038","40.711958","-73.997825","103","1","25","1077420","1001110100","MN0301"
"DYCD","Manhattan","Community Center - Cornerstone","Occupied","Manhattanville","530 West 133rd Street","Graham Windham Services to Families & Children","10027","40.818127","-73.954478","109","7","219","1084130","1019840001","MN0902"
"AGING","Manhattan","Senior Center","Occupied","Manhattanville","530 West 133rd Street","Presbyterian Senior Services","10027","40.818127","-73.954478","109","7","219","1084130","1019840001","MN0902"
"AGING","Manhattan","Senior Center","Occupied","Harborview Terrace","530 West 55th Street","Find Aid for The Aged, Inc.","10019","40.768258","-73.990588","104","6","13502","1027059","1010830015","MN0402"
,"Manhattan","Manhattan CCTV Unit","Occupied","Harborview Terrace","536 West 56th Street","NYCHA","10019","40.769104","-73.990646","104","6","13502","1027061","1010840009","MN0402"
"OTHER","Manhattan","Cure Violence","Occupied","Claremont Rehab (Group 5)","1131 Findlay Avenue","Urban Youth Alliance, Inc.",,,,,,,,,
"AGING","Manhattan","Senior Center","Occupied","Carver","55 East 102nd Street","IPRHE / Acacia Network","10029","40.79084","-73.950853","111","8","168","1082659","1016080023","MN1101"
"DYCD","Manhattan","Community Center - Cornerstone","Occupied","Seward Park Extension","56 Essex Street","Grand Street Settlement, Inc.","10002","40.716838","-73.989077","103","1","18","1083429","1003510001","MN0302"
"DOE","Manhattan","Child Care","Occupied","Smith","60 Catherine Street","Hamilton-Madison House, Inc.","10038","40.711566","-73.99684","103","1","25","1077421","1001110100","MN0301"
,"Manhattan",,"Vacant","Lincoln","60 East 135th Street","Vacant","10037","40.81161","-73.934935","111","9","210","1081120","1017570020","MN1102"
"DOE","Manhattan","Child Care","Occupied","Seward Park Extension","60 Essex Street","Grand Street Settlement, Inc.","10002","40.717011","-73.988987","103","1","18","1083429","1003510001","MN0302"
"OTHER","Manhattan","Health and Wellness Center","Occupied","Smith","60 Madison Street","Vision Urbana, Inc.","10038","40.712019","-73.997309","103","1","25","1077421","1001110100","MN0301"
"OTHER","Manhattan","Urban Family Center / Community Room","RESERVED","Baruch","605 FDR Drive - sep entrance","Henry Street Settlement, Inc.","10002","40.718356","-73.97521","103","2","1002","1078027","1003230001","MN0302"
"DYCD","Manhattan","Community Center - Cornerstone","Occupied","Baruch","605 FDR Drive - sep entrance","Grand Street Settlement, Inc.","10002","40.718356","-73.97521","103","2","1002","1078027","1003230001","MN0302"
"DYCD","Manhattan","Community Center - Cornerstone","Occupied","Campos Plaza II","611 East 13th Street","University Settlement Society of New York, Inc.","10009","40.728579","-73.978114","103","2","28","1077502","1003960010","MN0303"
"OTHER","Manhattan","Food Pantry & Offices","Occupied","Seward Park Extension","64-66 Essex Street (MNGMT OFFICE)","Vision Urbana, Inc.","10002","40.717165","-73.988907","103","1","18","1083428","1003510001","MN0302"
"OTHER","Manhattan","Community Center","Occupied","WSUR (Site B) 74 West 92nd Street","647 Columbus Avenue (74 W. 92nd St)","Goddard Riverside Community Center","10025","40.789927","-73.96965","107","6","177","1031623","1012050001","MN0702"
"OTHER","Manhattan","Food Pantry","Occupied","Seward Park Extension","66 Essex Street (PRAM ROOM)","Vision Urbana, Inc.","10002","40.717291","-73.988842","103","1","18","1083428","1003510001","MN0302"
"OTHER","Manhattan","Health Clinic *","Occupied","DeHostos Apartments","690 Amsterdam Avenue","Institute for Family Health, The","10025","40.792464","-73.971538","107","7","179","1033648","1012410025","MN0702"
"AGING","Manhattan","NORC","Occupied","Baruch Houses Addition","72 Columbia Street","Grand Street Settlement, Inc.","10002","40.717007","-73.980268","103","2","1002","1078043","1003230001","MN0302"
"DYCD","Manhattan","Community Center - Cornerstone","Occupied","Riis II","80 Avenue D / 807 East 6th Street","Henry Street Settlement, Inc.",,,,,,,,,
,"Manhattan","Neighborhood Offices","Occupied","Lehman Village","80 East 110th Street","NYCHA","10029","40.79568","-73.946555","111","8","17401","1078868","1016150023","MN1101"
"AGING/OTHER","Manhattan","Senior Center/ Community Center/ Child Care","Occupied","Gompers","80 Pitt Street","Grand Street Settlement, Inc.","10002","40.718328","-73.98245","103","2","2201","1084357","1003380001","MN0302"
"DOE","Manhattan","Child Care","Occupied","Douglas II","820 Columbus Avenue","Open Door Associates, Inc.","10025","40.795506","-73.965603","107","7","189","1079347","1018550001","MN0703"
"DOE","Manhattan","Child Care","Occupied","Carver","1565 Madison Avenue","Union Settlement Association","10029","40.793315","-73.94971","111","8","168","1078840","1016100023","MN1101"
"AGING","Manhattan","Senior Center","Occupied","Douglass Addition","868 Amsterdam Avenue","West Side Federation for Senior and Supportive Housing, Inc.","10025","40.798169","-73.967371","107","7","191","1079429","1018740029","MN0703"
"OTHER","Manhattan","COMPASS","Occupied","Douglass I","885 Columbus Avenue","Children's Aid Society, The","10025","40.797762","-73.963944","107","7","189","1081301","1018360001","MN0703"
"OTHER","Manhattan","COMPASS","Occupied","Wald","888 East 6th Street","Henry Street Settlement, Inc.","10009","40.722175","-73.97615","103","2","20","1078051","1003560001","MN0303"
,"Manhattan","Neighborhood Administrators","Occupied","Amsterdam","90 Amsterdam Avenue","NYCHA","10023","40.773176","-73.985605","107","6","15101","1082576","1011540101","MN0701"
,"Manhattan",,"Vacant","Riis II","90 Avenue D","Vacant","10009","40.723113","-73.976442","103","2","24","1077551","1003620001","MN0303"
,"Manhattan","Neighborhood Offices","Occupied","Wald","930-4 East Fourth Walk","NYCHA","10009","40.720695","-73.976526","103","2","20","1078057","1003560001","MN0303"
,"Manhattan","Neighborhood Offices","Occupied","Amsterdam","94 Amsterdam Avenue","NYCHA","10023","40.773316","-73.985501","107","6","15101","1082576","1011540101","MN0701"
"AGING","Manhattan","Senior Center","Occupied","Meltzer Towers","94 East 1st Street","University Settlement Society of New York, Inc.","10009","40.722827","-73.987402","103","2","3002","1005743","1004290021","MN0303"
"AGING/OTHER","Queens","Senior Center/COMPASS","Occupied","Queensbridge North","10-25 41st Avenue","Jacob A. Riis Neighborhood Settlement, Inc.","11101","40.755488","-73.945328","401","26","25","4433386","4004700100","QN0105"
"Direct Head Start","Queens","Child Care","Occupied","Queensbridge South","10-26 41st Avenue","Police Athletic League, Inc.","11101","40.755455","-73.945299","401","26","25","4433390","4004650100","QN0105"
"OTHER","Queens","Health Clinic","Occupied","Queensbridge North","10-29 41st Avenue","Floating Hospital","11101","40.75545","-73.945248","401","26","25","4595582","4004700100","QN0105"
"OTHER","Queens","Mentoring/Case Management","Occupied","Queensbridge South","10-30 41st Avenue","Community Mediation Services, Inc.","11101","40.755417","-73.945223","401","26","25","4595567","4004650100","QN0105"
"OTHER","Queens","Education /Literacy Center","Occupied","Queensbridge North","10-43 41st Avenue","Queens Borough Public Library","11101","40.755329","-73.945014","401","26","25","4595582","4004700100","QN0105"
,"Queens","Vacant Viper Rom","RESERVED","South Jamaica I","107-04 159th Street","Renaissance Technical Institute","11433","40.696803","-73.795109","412","28","25402","4440734","4101250033","QN1202"
,"Queens","TA USE","Occupied","South Jamaica I","107-60 159th Street","NYCHA","11433","40.695479","-73.794139","412","28","25402","4440737","4101250033","QN1202"
"DYCD","Queens","Community Center - Cornerstone","Occupied","South Jamaica II","109-04 160th Street","Southern Queens Park Association","11433","40.693957","-73.792027","412","28","260","4435245","4121480100","QN1202"
,"Queens",,"Construction","Baisley Park","116-40 Guy Brewer Boulevard","Vacant","11434","40.685658","-73.783843","412","28","278","4435280","4122350022","QN1203"
,"Queens","TA USE","Occupied","Baisley Park","116-80 Guy Brewer Boulevard","NYCHA","11434","40.684875","-73.78338","412","28","278","4435282","4122350022","QN1203"
"DOE","Queens","Child Care","RESERVED","Bland","133-16 Roosevelt Avenue","League For Better Community Life, Inc.","11354","40.758288","-73.833832","407","20","871","4443446","4050370008","QN0707"
,"Queens",,"RESERVED","Bland","133-36 Roosevelt Avenue","Commonpoint","11354","40.758531","-73.833124","407","20","871","4443447","4050370008","QN0707"
"OTHER","Queens","Education / IHAD Literacy","Occupied","Ravenswood","14-01 36th Avenue #1A","I Have A Dream Foundation-NY","11106","40.760205","-73.937473","401","26","43","4430696","4003320002","QN0105"
"DOE","Queens","Child Care","Occupied","Redfern","14-66 Beach Channel Drive","Bethel Emmanuel Temple, Inc.","11691","40.609989","-73.753586","414","31","103201","4449690","4155010002","QN1401"
"DYCD","Queens","Community Center - Cornerstone","Occupied","Redfern","15-44 Hassock Street","CCNY (The Child Center of New York)","11691","40.609102","-73.753359","414","31","103201","4449685","4155010002","QN1401"
,"Queens","Food Pantry","RESERVED","South Jamaica I","159-07 108th Avenue","The South Jamaica Community Pantry","11433","40.695434","-73.793945","412","28","25402","4440739","4101250033","QN1202"
"DOE","Queens","Child Care","Occupied","South Jamaica II","108-17 159th Street","Afro-American Parents Educational Centers, Inc.","11433","40.695014","-73.793773","412","28","25402","4457481","4101480001","QN1202"
"DOE","Queens","Child Care","Occupied","Baisley Park","116-55 Guy Brewer Boulevard","Clifford Glover Day Care Center, Inc.","11434","40.685265","-73.783585","412","28","278","4435292","4123350044","QN1203"
,"Queens","Cure Violence","RESERVED","Astoria","2-08 Astoria Boulevard","MAPP","11102","40.77367","-73.936088","401","22","87","4430795","4004900101","QN0102"
"OTHER","Queens","Child Care","Occupied","Ravenswood","21-20 35th Avenue","Catholic Charities Neighborhood Services, Inc.","11106","40.761162","-73.934992","401","26","47","4430708","4003350002","QN0105"
,"Queens","Plasterer's Shop","Occupied","Astoria","3-10 Astoria Boulevard","NYCHA","11102","40.773013","-73.933749","401","22","87","4430798","4004900101","QN0102"
"DOE","Queens","Child Care","Occupied","Ocean Bay Apartments (Oceanside)","338 Beach 56th Street","Bethel Emmanuel Temple, Inc.","11692","40.593503","-73.786115","414","31","97204","4436422","4158920001","QN1402"
"DYCD","Queens","Community Center - Cornerstone","Occupied","Ocean Bay Apartments (Oceanside)","339 Beach 54th Street","CCNY (The Child Center of New York)","11692","40.593555","-73.784408","414","31","97204","4436420","4158920001","QN1402"
"DYCD","Queens","Community Center - Cornerstone","Occupied","Latimer Gardens","34-30 137th Street","CCNY (The Child Center of New York)","11354","40.766044","-73.829935","407","20","88902","4443410","4049510008","QN0707"
"AGING","Queens","Senior Center","Occupied","Latimer Gardens","34-30 137th Street","Self Help Community Services, Inc","11354","40.766044","-73.829935","407","20","88902","4443410","4049510008","QN0707"
"AGING","Queens","Senior Center","Occupied","Ravenswood","34-35A 12th Street","Hellenic American Neighborhood Action Committee (HANAC)",,,,,,,,,
"OTHER","Queens","Library","Occupied","Ravenswood","35-32 21st Street","Queens Borough Public Library","11106","40.760934","-73.935801","401","26","43","4430693","4003320002","QN0105"
"DYCD","Queens","Community Center - Cornerstone","Occupied","Ravenswood","35-40 21st Street","Jacob A. Riis Neighborhood Settlement, Inc.","11106","40.760808","-73.93592","401","26","43","4430693","4003320002","QN0105"
"OTHER","Queens","Community Center / Senior Center","Occupied","Queensbridge North","40-11 10th Street","Jacob A. Riis Neighborhood Settlement, Inc.","11101","40.756753","-73.944471","401","26","25","4433387","4004700100","QN0105"
"AGING","Queens","Senior Center","Occupied","Bland","40-15 College Point Boulevard","Spanish Speaking Elderly Council - RAICES, Inc.","11354","40.757803","-73.83414","407","20","871","4443443","4050370008","QN0707"
"DYCD","Queens","Community Center - Cornerstone","Occupied","Astoria","4-05 Astoria Boulevard","Hellenic American Neighborhood Action Committee (HANAC)","11102","40.772947","-73.933467","401","22","87","4430787","4004900101","QN0102"
"AGING","Queens","Senior Center","Occupied","Astoria","4-05 Astoria Boulevard","Spanish Speaking Elderly Council - RAICES, Inc.","11102","40.772947","-73.933467","401","22","87","4430787","4004900101","QN0102"
"HRA","Queens","Jobs Plus","Occupied","Astoria","4-25 Astoria Boulevard","Urban Upbound (ERDA)","11102","40.772889","-73.93328","401","22","87","4430788","4004900101","QN0102"
"DYCD","Queens","Community Center - Cornerstone","Occupied","Beach 41st - Beach Channel Drive","426 Beach 40th Street","CCNY (The Child Center of New York)","11691","40.596249","-73.772408","414","31","97206","4302129","4159550003","QN1402"
"OTHER","Queens","ATTAIN LAB","Occupied","Beach 41st - Beach Channel Drive","426 Beach 40th Street","Research Foundation of the State University of New York","11691","40.596249","-73.772408","414","31","97206","4302129","4159550003","QN1402"
,"Queens","Carpentry Storage","Occupied","Woodside","49-11 Broadway","NYCHA","11377","40.755464","-73.911514","401","26","163","4431000","4007380050","QN0104"
"DYCD","Queens","Community Center - Cornerstone","RESERVED","Woodside","50-19 Broadway","Sunnyside Community Services","11377","40.754972","-73.910468","401","26","163","4431001","4007380050","QN0104"
,"Queens","Vacant Viper Rom","Vacant","Woodside","50-37 Broadway","NYCHA","11377","40.754763","-73.910021","401","26","163","4431003","4007380050","QN0104"
"AGING","Queens","Senior Center","Occupied","Woodside","50-37 Newtown Road","Samaritan Daytop Village, Inc.","11377","40.753724","-73.911047","401","26","163","4430993","4007360002","QN0104"
"HHC","Queens","Health Clinic","Occupied","Woodside","50-53 Newtown Road","New York City Department of Health / Elmhurst Hospital","11377","40.753164","-73.910752","401","26","163","4430994","4007360002","QN0104"
"AGING/OTHER","Queens","Senior Center/ COMPASS","Occupied","Pomonok","67-09 Kissena Boulevard","Queens Community House, Inc.","11367","40.735033","-73.814726","408","24","122702","4455430","4067920030","QN0802"
"DOE","Queens","Child Care","Occupied","Carleton Manor","72-05 & 71-15 Beach Channel Drive","Bethel Emmanuel Temple, Inc.","11694","40.58378","-73.839677","414","32","93401",,,"QN1403"
"DYCD","Queens","Community Center - Cornerstone","RESERVED","Hammel","81-14 Rockaway Beach Boulevard","CCNY (The Child Center of New York)","11693","40.587969","-73.807684","414","31","94202","4436315","4161140002","QN1402"
,"Queens","Job Training","RESERVED","Hammel","82-10 Rockaway Beach Boulevard","Urban Upbound (ERDA)","11693","40.587883","-73.808542","414","31","94202","4436316","4161140002","QN1402"
"AGING","Queens","Senior Center","Occupied","Shelton House","89-09 162nd Street","Allen Community Senior Citizens Center","11432","40.706571","-73.799061","412","27","44601","4208882","4097610036","QN1201"
"AGING","Queens","Senior Center","Occupied","International Towers","90-20 170th Street","Allen Community Senior Citizens Center","11432","40.708578","-73.790579","412","27","460","4209721","4098020041","QN1201"
,"Queens",,"Vacant","Conlon Lihfe","92-33 170th Street","Vacant","11433","40.706193","-73.789136","412","27","444","4457492","4102120033","QN1201"
,"Staten Island","Storage","Occupied","West Brighton II","1085 Castleton Avenue","NYCHA","10310","40.634376","-74.119353","501","49","13301","5095825","5001960001","SI0104"
"AGING","Staten Island","Senior Center","Occupied","Cassidy- Lafayette","125 Cassidy Place","Community Agency for Senior Citizens, Inc.","10301","40.641888","-74.096489","501","49","81","5001762","5000710011","SI0101"
,"Staten Island","Paint Administration","Occupied","South Beach","126 Lamport Boulevard","NYCHA","10305","40.595471","-74.077752","502","50","64","5109511","5032430100","SI0201"
,"Staten Island","NYPD","Occupied","South Beach","154 Lamport Boulevard","NYCHA","10305","40.594903","-74.077395","502","50","64","5116731","5032430100","SI0201"
"DYCD","Staten Island","Community Center - Cornerstone","Occupied","South Beach","155 Norway Avenue","United Activities Unlimited Inc","10305","40.594347","-74.079224","502","50","64","5109514","5032430100","SI0201"
"DYCD","Staten Island","Community Center - Cornerstone","Occupied","Mariner's Harbor","157 Brabant Street","United Activities Unlimited Inc","10303","40.632021","-74.16389","501","49","31901","5109121","5012450001","SI0107"
"Direct Head Start","Staten Island","Child Care","Occupied","Mariner's Harbor","166 Lockman Avenue","Richmond University Medical Center","10303","40.633097","-74.161677","501","49","31901","5110121","5012450001","SI0107"
"OTHER","Staten Island","Sports - Boxing Program","Occupied","Berry","1742 Richmond Road","NYPD's Fighting Finest, Inc.","10306","40.5877","-74.10322","502","50","11401","5116737","5035320500","SI0201"
"AGING","Staten Island","Senior Center","Occupied","Todt Hill","184 Schmidts Lane","Staten Island Comm Servs Friendship Club, Inc.","10314","40.609058","-74.119053","502","49","173","5108960","5007060001","SI0203"
"AGING","Staten Island","Senior Center","Occupied","Stapleton","189 Gordon Street","Jewish Community Center of Staten Island","10304","40.623124","-74.082838","501","49","29","5108860","5005450100","SI0102"
"DYCD","Staten Island","Community Center - Cornerstone","Occupied","Berry","211 Jefferson Street","United Activities Unlimited Inc","10306","40.586661","-74.100928","502","50","11401","5109569","5035320500","SI0201"
"OTHER","Staten Island","ATTAIN LAB","Occupied","Berry","211 Jefferson Street","Research Foundation of the State University of New York","10306","40.586661","-74.100928","502","50","11401","5109569","5035320500","SI0201"
,"Staten Island","DDC Project","RESERVED","Mariner's Harbor","22 Roxbury Street","Vacant","10303","40.633482","-74.162903","501","49","31901","5109114","5012450001","SI0107"
"DYCD","Staten Island","Community Center - Cornerstone","Occupied","Stapleton","230 Broad Street","YMCA of Greater New York - Virtual Y","10304","40.623756","-74.082216","501","49","29","5154565","5005450100","SI0102"
"Unknown","Staten Island","Unkown","Occupied","West Brighton","230 Broadway","United Activities Unlimited Inc","10310","40.636486","-74.117523","501","49","13301","5095818","5001960001","SI0104"
"AGING","Staten Island","Senior Center","Occupied","West Brighton I","230 Broadway","Catholic Charities of Staten Island, Inc.","10310","40.636486","-74.117523","501","49","13301","5095818","5001960001","SI0104"
"DYCD","Staten Island","Community Center - Cornerstone","Occupied","Todt Hill","255 Westwood Avenue","Jewish Community Center of Staten Island","10314","40.606563","-74.118774","502","49","173","5108965","5007060001","SI0203"
"DOE","Staten Island","Child Care","Occupied","Stapleton","195 Gordon Street","The Friends of Crown Heights Educational Centers, Inc.","10304","40.622959","-74.082863","501","49","29","5108860","5005450100","SI0102"
"Direct Head Start","Staten Island","Child Care","Occupied","Berry","44 Dongan Hills","Richmond University Medical Center",,,,,,,,,
"AGING","Staten Island","Senior Center","Occupied","New Lane Area","70 New Lane","Community Agency for Senior Citizens, Inc.","10305","40.612811","-74.062256","501","49","6","5042254","5028320068","SI0103"
"DYCD","Staten Island","Community Center - Cornerstone","Occupied","Richmond Terrace","71 Jersey Street","Jewish Community Center of Staten Island","10301","40.645957","-74.08824","501","49","7","5108499","5000510030","SI0101"
